{
  "aggregated": {
    "vigilance_improvement": {
      "mean": 0.05186697142198646,
      "std": 0.017297920631286927,
      "min": 0.0323153725212467,
      "max": 0.07437573292240175,
      "values": [
        0.04890980882231091,
        0.07437573292240175,
        0.0323153725212467
      ]
    },
    "mean_perclos": {
      "mean": 0.44135788305352125,
      "std": 0.05379610367245557,
      "min": 0.4031016794443131,
      "max": 0.5174366505220532,
      "values": [
        0.40353531919419766,
        0.5174366505220532,
        0.4031016794443131
      ]
    },
    "cumulative_reward": {
      "mean": 20.861579442958966,
      "std": 24.806629158597588,
      "min": -6.770856410165479,
      "max": 53.39649502548802,
      "values": [
        53.39649502548802,
        15.959099713554345,
        -6.770856410165479
      ]
    },
    "mean_reward": {
      "mean": 0.04172315888591793,
      "std": 0.04961325831719518,
      "min": -0.013541712820330957,
      "max": 0.10679299005097605,
      "values": [
        0.10679299005097605,
        0.03191819942710869,
        -0.013541712820330957
      ]
    },
    "alert_efficiency": {
      "mean": 0.4219499341238471,
      "std": 0.02585486513970007,
      "min": 0.391304347826087,
      "max": 0.45454545454545453,
      "values": [
        0.42,
        0.45454545454545453,
        0.391304347826087
      ]
    },
    "false_alert_rate": {
      "mean": 0.16155028546332895,
      "std": 0.16889491372455562,
      "min": 0.030303030303030304,
      "max": 0.4,
      "values": [
        0.4,
        0.030303030303030304,
        0.05434782608695652
      ]
    },
    "intervention_rate": {
      "mean": 0.34933333333333333,
      "std": 0.18745547619516365,
      "min": 0.1,
      "max": 0.552,
      "values": [
        0.1,
        0.396,
        0.552
      ]
    },
    "strong_intervention_rate": {
      "mean": 0.03266666666666667,
      "std": 0.036745370078721785,
      "min": 0.0,
      "max": 0.084,
      "values": [
        0.084,
        0.014,
        0.0
      ]
    },
    "danger_ratio": {
      "mean": 0.298,
      "std": 0.07101173611922657,
      "min": 0.23,
      "max": 0.396,
      "values": [
        0.268,
        0.396,
        0.23
      ]
    },
    "fatigue_recovery_effectiveness": {
      "mean": 0.0,
      "std": 0.0,
      "min": 0.0,
      "max": 0.0,
      "values": [
        0.0,
        0.0,
        0.0
      ]
    },
    "mean_time_in_danger": {
      "mean": 49.666666666666664,
      "std": 11.835289353204427,
      "min": 38.333333333333336,
      "max": 66.0,
      "values": [
        44.666666666666664,
        66.0,
        38.333333333333336
      ]
    },
    "num_steps": {
      "mean": 500.0,
      "std": 0.0,
      "min": 500.0,
      "max": 500.0,
      "values": [
        500,
        500,
        500
      ]
    }
  },
  "per_subject_metrics": [
    {
      "subject_id": 1,
      "metrics": {
        "vigilance_improvement": 0.04890980882231091,
        "mean_perclos": 0.40353531919419766,
        "cumulative_reward": 53.39649502548802,
        "mean_reward": 0.10679299005097605,
        "alert_efficiency": 0.42,
        "false_alert_rate": 0.4,
        "intervention_rate": 0.1,
        "strong_intervention_rate": 0.084,
        "danger_ratio": 0.268,
        "fatigue_recovery_effectiveness": 0.0,
        "mean_time_in_danger": 44.666666666666664,
        "action_distribution": {
          "0": 450,
          "1": 7,
          "2": 1,
          "3": 36,
          "4": 6
        },
        "num_steps": 500
      }
    },
    {
      "subject_id": 5,
      "metrics": {
        "vigilance_improvement": 0.07437573292240175,
        "mean_perclos": 0.5174366505220532,
        "cumulative_reward": 15.959099713554345,
        "mean_reward": 0.03191819942710869,
        "alert_efficiency": 0.45454545454545453,
        "false_alert_rate": 0.030303030303030304,
        "intervention_rate": 0.396,
        "strong_intervention_rate": 0.014,
        "danger_ratio": 0.396,
        "fatigue_recovery_effectiveness": 0.0,
        "mean_time_in_danger": 66.0,
        "action_distribution": {
          "0": 302,
          "1": 147,
          "2": 44,
          "3": 7,
          "4": 0
        },
        "num_steps": 500
      }
    },
    {
      "subject_id": 10,
      "metrics": {
        "vigilance_improvement": 0.0323153725212467,
        "mean_perclos": 0.4031016794443131,
        "cumulative_reward": -6.770856410165479,
        "mean_reward": -0.013541712820330957,
        "alert_efficiency": 0.391304347826087,
        "false_alert_rate": 0.05434782608695652,
        "intervention_rate": 0.552,
        "strong_intervention_rate": 0.0,
        "danger_ratio": 0.23,
        "fatigue_recovery_effectiveness": 0.0,
        "mean_time_in_danger": 38.333333333333336,
        "action_distribution": {
          "0": 224,
          "1": 55,
          "2": 221,
          "3": 0,
          "4": 0
        },
        "num_steps": 500
      }
    }
  ]
}