{
  "mean_ms": 0.47199261000000003,
  "median_ms": 0.4698955,
  "std_ms": 0.013947103542094323,
  "p95_ms": 0.4872152,
  "p99_ms": 0.50744642,
  "min_ms": 0.457042,
  "max_ms": 0.775875,
  "throughput_hz": 2118.677239459321,
  "n_runs": 1000,
  "meets_target": true,
  "target_ms": 10.0
}